"Treatment","Season","End_year","Chilling_Hours","Utah_Model","Chill_portions","site"
"HC","2018/2019",2019,1416,1416,42.489728785783,"SM"
"LC","2018/2019",2019,768,768,22.7680289365783,"SM"
"Field","2018/2019",2019,549,600,32.1831225334709,"SM"
"HC","2018/2019",2019,1320,1320,39.9655257331006,"MP"
"LC","2018/2019",2019,672,672,19.7331765607214,"MP"
"Field","2018/2019",2019,541,705,35.361002493441,"MP"
