population ,chill,Chilling_Hours,Utah_Model,Chill_portions
HF,chill0,892,814.5,56.62430449
HF,chill1,2140,2062.5,94.05594599
HF,chill2,2140,1702.5,91.1675647
SH,chill0,682,599.5,44.63226186
SH,chill1,1930,1847.5,82.06390335
SH,chill2,1930,1487.5,79.17552206